"Session duration","Sessions","Bounce rate","Pageviews per session","Average session duration","Added to cart rate","Conversion rate"
6546,1,0,116,6546,0,0
5975,1,0,104,5975,1,1
5829,1,0,9,5829,0,0
5610,1,0,32,5610,1,0
5185,1,0,116,5185,1,0
5024,1,0,63,5024,1,0
4519,1,0,4,4519,0,0
4403,1,0,206,4403,1,0
4206,1,0,180,4206,1,0
3997,1,0,5,3997,0,0
3898,1,0,105,3898,1,0
3861,1,0,78,3861,1,0
3796,1,0,61,3796,1,0
3642,1,0,84,3642,1,1
3565,1,0,32,3565,1,1
3523,1,0,39,3523,1,1
3520,1,0,87,3520,1,1
3472,2,0,28,3472,0.5,0
3446,1,0,41,3446,1,0
3400,1,0,69,3400,0,0
3329,1,0,30,3329,1,1
3327,1,0,5,3327,0,0
3197,1,0,29,3197,1,0
3186,1,0,15,3186,1,0
3157,1,0,7,3157,0,0
3127,1,0,47,3127,1,1
3046,1,0,33,3046,1,1
2998,1,0,62,2998,1,1
2948,1,0,198,2948,1,0
2935,1,0,101,2935,1,1
2932,1,0,19,2932,1,1
2928,1,0,64,2928,0,0
2900,1,0,56,2900,1,1
2853,1,0,131,2853,1,0
2844,1,0,188,2844,1,1
2713,1,0,3,2713,0,0
2700,1,0,11,2700,0,0
2682,1,0,54,2682,1,1
2672,1,0,53,2672,1,1
2646,1,0,76,2646,1,0
2629,1,0,76,2629,1,0
2623,1,0,10,2623,0,0
2565,1,0,52,2565,1,1
2554,1,0,77,2554,1,0
2539,1,0,56,2539,1,0
2512,1,0,3,2512,0,0
2474,1,0,19,2474,0,0
2459,1,0,106,2459,1,1
2399,1,0,3,2399,0,0
2382,1,0,23,2382,1,1
2369,1,0,40,2369,0,0
2360,1,0,64,2360,1,1
2351,1,0,115,2351,1,1
2324,1,0,11,2324,0,1
2322,1,0,24,2322,1,0
2296,1,0,34,2296,0,0
2274,1,0,194,2274,1,0
2204,1,0,35,2204,1,1
2188,1,0,66,2188,1,1
2156,1,0,3,2156,0,0
2147,1,0,15,2147,1,0
2085,1,0,93,2085,0,0
2064,1,0,69,2064,1,0
2028,1,0,91,2028,1,1
2024,1,0,76,2024,1,0
2017,1,0,59,2017,1,0
2014,1,0,24,2014,1,0
2009,1,0,98,2009,1,1
1993,1,0,29,1993,1,1
1981,1,0,60,1981,1,1
1980,1,0,12,1980,1,0
1975,1,0,8,1975,1,0
1969,1,0,4,1969,0,0
1952,1,0,102,1952,1,1
1947,1,0,30,1947,1,0
1931,1,0,138,1931,1,0
1921,1,0,4,1921,0,0
1918,1,0,56,1918,1,0
1914,1,0,5,1914,1,0
1910,1,0,15,1910,1,1
1909,1,0,13,1909,0,0
1899,1,0,58,1899,1,1
1897,1,0,14,1897,1,0
1896,1,0,3,1896,0,0
1887,2,0,52,1887,1,0
1876,1,0,3,1876,0,0
1875,1,0,47,1875,0,0
1871,1,0,42,1871,1,1
1868,1,0,22,1868,1,0
1859,1,0,88,1859,1,0
1857,1,0,147,1857,0,0
1847,2,0,12,1847,0,0
1843,1,0,23,1843,0,0
1838,1,0,26,1838,1,0
1836,1,0,40,1836,1,0
1824,1,0,60,1824,0,0
1823,2,0,54,1823,1,0.5
1815,1,0,11,1815,0,0
1812,1,0,20,1812,1,0
1810,1,0,19,1810,1,0
1809,1,0,93,1809,1,1
1807,1,0,17,1807,0,0
1787,1,0,44,1787,1,1
1786,1,0,13,1786,0,0
1775,1,0,3,1775,0,0
1774,1,0,6,1774,0,0
1756,1,0,3,1756,0,0
1749,1,0,27,1749,1,0
1747,1,0,5,1747,0,0
1744,1,0,28,1744,1,1
1736,1,0,45,1736,0,0
1729,1,0,6,1729,0,0
1726,1,0,5,1726,0,0
1722,1,0,16,1722,0,0
1719,1,0,2,1719,0,0
1716,1,0,2,1716,0,0
1711,1,0,20,1711,1,0
1704,1,0,51,1704,1,1
1697,1,0,67,1697,1,0
1696,1,0,2,1696,0,0
1695,1,0,15,1695,1,0
1694,1,0,8,1694,0,0
1683,1,0,6,1683,0,0
1682,1,0,7,1682,1,0
1678,1,0,61,1678,1,1
1677,1,0,20,1677,1,0
1672,1,0,6,1672,0,0
1669,1,0,3,1669,0,0
1665,1,0,11,1665,1,0
1658,1,0,4,1658,0,0
1656,1,0,38,1656,1,0
1654,1,0,7,1654,0,0
1644,1,0,8,1644,0,0
1640,1,0,4,1640,0,0
1639,1,0,96,1639,1,1
1630,1,0,35,1630,1,0
1626,1,0,19,1626,1,0
1622,1,0,4,1622,0,0
1610,1,0,3,1610,0,0
1607,1,0,20,1607,0,0
1600,1,0,53,1600,1,1
1597,1,0,9,1597,1,0
1595,1,0,3,1595,0,0
1593,1,0,23,1593,1,0
1588,1,0,43,1588,1,1
1574,1,0,6,1574,0,0
1568,1,0,4,1568,0,0
1564,1,0,2,1564,0,0
1563,1,0,44,1563,0,0
1560,1,0,28,1560,1,0
1554,1,0,3,1554,0,0
1546,1,0,46,1546,1,0
1537,1,0,55,1537,1,0
1536,1,0,9,1536,0,0
1535,1,0,12,1535,1,0
1531,1,0,13,1531,0,0
1527,1,0,2,1527,0,0
1512,1,0,17,1512,1,0
1511,1,0,18,1511,1,0
1509,1,0,9,1509,0,0
1508,1,0,11,1508,0,0
1507,1,0,17,1507,1,0
1504,1,0,23,1504,0,0
1503,1,0,2,1503,0,0
1500,1,0,5,1500,0,0
1495,1,0,23,1495,1,0
1492,1,0,3,1492,0,0
1490,1,0,58,1490,0,0
1480,1,0,2,1480,0,0
1478,3,0,8.333333333333334,1478,0.6666666666666666,0
1477,1,0,2,1477,0,0
1473,2,0,5.5,1473,0,0
1468,1,0,2,1468,0,0
1462,1,0,3,1462,0,0
1459,2,0,9,1459,0.5,0
1457,1,0,3,1457,0,0
1456,2,0,3,1456,0,0
1449,1,0,17,1449,1,1
1445,1,0,12,1445,1,0
1437,1,0,13,1437,0,0
1436,1,0,4,1436,0,0
1435,1,0,5,1435,0,0
1434,1,0,13,1434,1,0
1430,1,0,8,1430,0,0
1422,1,0,8,1422,0,0
1419,1,0,3,1419,0,0
1416,1,0,5,1416,0,0
1406,1,0,5,1406,0,0
1394,1,0,7,1394,0,0
1393,1,0,4,1393,0,0
1392,1,0,3,1392,0,0
1391,1,0,30,1391,1,1
1389,1,0,4,1389,0,0
1388,2,0,11,1388,0,0
1385,2,0,17,1385,0.5,0
1380,2,0,33.5,1380,0,0
1370,2,0,6,1370,0,0
1363,1,0,6,1363,0,0
1359,2,0,9,1359,0.5,0
1358,2,0,26,1358,0.5,0.5
1357,2,0,12,1357,0,0
1356,2,0,20,1356,0.5,0.5
1349,1,0,31,1349,1,1
1347,2,0,5.5,1347,0.5,0
1344,1,0,11,1344,1,0
1342,2,0,28.5,1342,1,0
1341,1,0,14,1341,0,0
1338,2,0,8,1338,0.5,0
1337,1,0,49,1337,1,0
1334,1,0,2,1334,0,0
1329,2,0,10.5,1329,0.5,0.5
1327,1,0,2,1327,0,0
1326,1,0,3,1326,0,0
1325,1,0,11,1325,1,0
1320,1,0,3,1320,0,0
1317,1,0,5,1317,0,0
1316,1,0,3,1316,1,0
1315,2,0,38.5,1315,0.5,0
1313,2,0,3.5,1313,0,0
1310,2,0,5,1310,0,0
1309,2,0,10,1309,0,0
1306,1,0,22,1306,1,0
1305,1,0,10,1305,1,0
1301,1,0,7,1301,0,0
1298,1,0,2,1298,0,0
1297,1,0,5,1297,0,0
1295,1,0,7,1295,1,0
1293,1,0,2,1293,0,0
1292,2,0,7.5,1292,1,0
1291,1,0,58,1291,1,0
1290,1,0,23,1290,1,0
1288,1,0,2,1288,0,0
1287,1,0,43,1287,1,1
1285,1,0,2,1285,0,0
1282,2,0,33,1282,0.5,0
1280,1,0,21,1280,1,0
1277,1,0,11,1277,1,0
1276,2,0,21,1276,0.5,0.5
1267,1,0,3,1267,0,0
1262,2,0,39.5,1262,1,0.5
1256,1,0,2,1256,0,0
1251,2,0,28.5,1251,1,0
1249,1,0,43,1249,0,0
1247,1,0,2,1247,0,0
1245,1,0,10,1245,0,0
1244,1,0,2,1244,0,0
1243,2,0,6,1243,0,0
1242,2,0,48.5,1242,0.5,0
1241,1,0,10,1241,0,0
1240,1,0,8,1240,1,0
1238,1,0,7,1238,0,0
1237,1,0,61,1237,1,1
1236,1,0,8,1236,1,0
1234,2,0,8.5,1234,0.5,0
1227,1,0,57,1227,0,0
1223,1,0,23,1223,1,0
1222,1,0,14,1222,1,0
1220,1,0,40,1220,0,0
1219,1,0,4,1219,0,0
1210,1,0,23,1210,1,1
1207,1,0,91,1207,1,0
1206,1,0,23,1206,1,0
1203,2,0,23.5,1203,0.5,0
1197,1,0,5,1197,0,0
1194,1,0,7,1194,0,0
1191,1,0,5,1191,0,0
1187,3,0,18.666666666666668,1187,0,0
1186,3,0,16.333333333333332,1186,0.6666666666666666,0
1185,1,0,12,1185,0,0
1184,1,0,14,1184,1,0
1183,1,0,4,1183,1,0
1182,2,0,10.5,1182,0.5,0
1181,2,0,3.5,1181,0,0
1178,1,0,66,1178,0,0
1174,2,0,4,1174,0,0
1173,1,0,3,1173,0,0
1171,2,0,4,1171,0,0
1170,1,0,66,1170,1,0
1167,2,0,21,1167,0.5,0
1162,1,0,4,1162,0,0
1160,1,0,16,1160,0,0
1157,1,0,16,1157,1,0
1156,1,0,4,1156,0,0
1154,1,0,11,1154,0,0
1153,1,0,11,1153,1,0
1152,1,0,2,1152,0,0
1151,2,0,20,1151,1,0.5
1149,2,0,11,1149,0.5,0
1148,1,0,27,1148,1,0
1146,1,0,2,1146,0,0
1145,1,0,27,1145,1,0
1143,2,0,14,1143,0.5,0
1140,1,0,7,1140,0,0
1139,2,0,31,1139,0.5,0
1138,2,0,20,1138,1,0.5
1135,1,0,9,1135,1,0
1134,2,0,16,1134,1,0
1133,2,0,21.5,1133,1,0
1132,1,0,8,1132,0,0
1129,1,0,32,1129,1,0
1126,2,0,15.5,1126,1,0
1125,2,0,27.5,1125,1,0
1123,3,0,22,1123,0.6666666666666666,0
1119,3,0,19,1119,0.3333333333333333,0
1117,1,0,12,1117,1,0
1114,2,0,32,1114,0.5,0
1112,2,0,12,1112,0,0
1111,2,0,14.5,1111,0.5,0
1106,2,0,18.5,1106,0.5,0.5
1104,2,0,4,1104,0,0
1102,2,0,11.5,1102,0.5,0.5
1100,1,0,108,1100,1,0
1099,1,0,25,1099,1,0
1098,2,0,10.5,1098,0.5,0
1097,1,0,63,1097,1,1
1095,2,0,4.5,1095,0,0
1094,1,0,21,1094,1,0
1092,1,0,2,1092,0,0
1088,1,0,4,1088,0,0
1086,1,0,20,1086,1,1
1085,2,0,6,1085,0.5,0
1084,2,0,41.5,1084,0.5,0
1083,1,0,12,1083,0,0
1081,1,0,10,1081,1,1
1078,2,0,7.5,1078,0.5,0
1077,2,0,15.5,1077,1,0.5
1075,2,0,32,1075,1,0
1072,1,0,24,1072,1,0
1071,1,0,2,1071,0,0
1069,1,0,6,1069,0,0
1067,2,0,16.5,1067,0,0
1066,1,0,34,1066,1,0
1064,1,0,14,1064,1,1
1060,1,0,30,1060,1,0
1059,1,0,25,1059,1,1
1058,1,0,46,1058,0,0
1057,1,0,59,1057,1,0
1055,1,0,14,1055,1,0
1054,1,0,12,1054,0,0
1050,1,0,36,1050,1,0
1049,3,0,4.333333333333333,1049,0.3333333333333333,0
1048,1,0,28,1048,1,0
1047,2,0,8.5,1047,0,0
1046,3,0,11,1046,0,0.3333333333333333
1044,2,0,12.5,1044,0.5,0
1042,1,0,2,1042,0,0
1038,1,0,9,1038,1,0
1037,1,0,40,1037,0,0
1035,1,0,33,1035,1,0
1031,2,0,19,1031,1,0.5
1030,1,0,46,1030,1,1
1027,1,0,4,1027,0,0
1025,1,0,6,1025,0,0
1024,3,0,11.333333333333334,1024,0,0
1023,1,0,21,1023,1,1
1018,3,0,19,1018,0.6666666666666666,0
1015,2,0,14,1015,1,0
1011,5,0,21.2,1011,0.4,0.2
1010,2,0,23.5,1010,1,0
1008,2,0,6,1008,0.5,0
1003,1,0,10,1003,0,0
1002,2,0,4.5,1002,0,0
1001,1,0,9,1001,1,1
997,1,0,3,997,0,0
993,1,0,11,993,1,1
991,1,0,14,991,1,0
990,1,0,12,990,1,1
988,1,0,12,988,1,0
987,1,0,8,987,1,0
986,1,0,21,986,1,1
984,1,0,22,984,1,0
982,1,0,12,982,1,0
981,1,0,21,981,1,0
980,1,0,7,980,0,0
979,1,0,6,979,0,0
977,1,0,5,977,0,0
976,1,0,10,976,1,0
973,4,0,41.5,973,0.75,0.5
972,1,0,4,972,0,0
971,2,0,4,971,1,0
970,1,0,15,970,0,0
969,1,0,10,969,1,0
967,2,0,10,967,0,0
966,1,0,9,966,0,0
962,1,0,29,962,1,1
961,1,0,5,961,0,0
958,1,0,53,958,1,0
957,3,0,4.666666666666667,957,0.3333333333333333,0
955,2,0,48,955,0.5,0
954,2,0,26.5,954,0.5,0
952,1,0,58,952,1,0
951,1,0,14,951,1,0
949,1,0,12,949,1,0
948,2,0,24,948,0,0
947,1,0,17,947,1,0
946,3,0,20,946,1,0
945,1,0,37,945,1,1
943,2,0,16,943,0.5,0
942,2,0,14,942,1,0
941,1,0,5,941,0,0
940,1,0,17,940,1,0
938,1,0,27,938,1,1
937,1,0,12,937,1,0
936,1,0,14,936,1,0
933,1,0,4,933,0,0
930,2,0,23,930,1,0
928,1,0,11,928,1,0
927,1,0,15,927,1,1
925,4,0,22.75,925,0.75,0.25
922,2,0,10,922,0.5,0
919,2,0,18,919,0.5,0
918,1,0,4,918,0,0
917,1,0,3,917,0,0
916,3,0,15,916,0.6666666666666666,0.3333333333333333
915,1,0,23,915,1,1
913,2,0,29.5,913,0.5,0
912,1,0,17,912,0,0
910,1,0,47,910,1,0
909,2,0,7,909,0.5,0
908,2,0,12.5,908,0.5,0
907,1,0,4,907,0,0
906,3,0,23.333333333333332,906,1,0
903,1,0,20,903,1,0
900,1,0,3,900,0,0
899,2,0,15,899,1,0.5
897,2,0,25,897,0.5,0.5
896,1,0,23,896,1,0
894,1,0,21,894,1,0
893,2,0,36,893,0.5,0
892,3,0,33.666666666666664,892,0.6666666666666666,0
891,1,0,11,891,1,0
888,2,0,15,888,0.5,0
884,1,0,6,884,0,0
881,2,0,19,881,0.5,0
878,1,0,9,878,1,0
877,1,0,4,877,0,0
875,1,0,14,875,0,0
872,1,0,13,872,1,0
870,1,0,10,870,0,0
868,1,0,4,868,0,0
867,1,0,11,867,1,1
866,4,0,12.5,866,0.5,0
864,1,0,10,864,1,0
863,1,0,6,863,0,0
862,1,0,4,862,0,0
861,2,0,11,861,0.5,0
860,2,0,3.5,860,0,0
859,1,0,20,859,1,0
857,1,0,18,857,1,0
856,1,0,6,856,0,0
855,1,0,8,855,1,0
854,2,0,20,854,0.5,0
852,1,0,35,852,1,1
851,2,0,4.5,851,0,0
850,2,0,17.5,850,1,0
849,5,0,16.4,849,0.6,0.2
848,2,0,17,848,1,1
846,2,0,10,846,0.5,0
845,1,0,25,845,1,0
843,1,0,19,843,1,0
842,4,0,24.5,842,0.75,0
841,2,0,12,841,0.5,0
840,1,0,19,840,1,0
839,3,0,11,839,0.6666666666666666,0
838,1,0,7,838,1,0
837,2,0,21,837,0.5,0
836,1,0,35,836,1,0
835,3,0,17.333333333333332,835,0.6666666666666666,0
834,1,0,15,834,1,1
832,1,0,7,832,1,0
830,2,0,11,830,0.5,0
829,2,0,26,829,1,0.5
828,2,0,15,828,1,0
827,2,0,3.5,827,0,0
826,2,0,10.5,826,0.5,0
823,2,0,33,823,1,0
822,3,0,34.666666666666664,822,1,0
820,1,0,198,820,0,0
819,1,0,4,819,1,0
818,2,0,10.5,818,1,0
815,3,0,38.333333333333336,815,1,0
814,1,0,21,814,1,0
812,2,0,16,812,0.5,0
808,2,0,16.5,808,0.5,0
806,2,0,7.5,806,0.5,0
805,1,0,18,805,1,0
804,1,0,46,804,1,1
803,1,0,13,803,0,0
802,2,0,21.5,802,1,0
801,1,0,10,801,1,0
800,1,0,5,800,0,0
796,3,0,9,796,0.6666666666666666,0
794,2,0,14.5,794,1,0
793,3,0,12.333333333333334,793,1,0.3333333333333333
792,1,0,2,792,0,0
791,3,0,7,791,0.6666666666666666,0
790,2,0,19,790,1,0
789,2,0,37.5,789,1,0
788,3,0,11,788,1,0
787,1,0,5,787,0,0
785,1,0,7,785,1,0
783,1,0,2,783,0,0
782,1,0,2,782,1,0
780,1,0,12,780,0,0
779,3,0,21.666666666666668,779,0.3333333333333333,0
778,2,0,18.5,778,0.5,0
776,2,0,8,776,0,0
775,1,0,50,775,1,0
774,1,0,18,774,1,0
773,2,0,4,773,0,0
772,1,0,15,772,0,0
771,3,0,8,771,0.6666666666666666,0.3333333333333333
770,2,0,17.5,770,1,0
769,1,0,24,769,0,0
767,2,0,32,767,0.5,0
766,2,0,9.5,766,0,0
765,2,0,17.5,765,0.5,0.5
764,2,0,8,764,0.5,0
762,2,0,17.5,762,1,0
761,1,0,3,761,0,0
760,2,0,9.5,760,1,0
759,2,0,33,759,1,0.5
756,1,0,19,756,1,0
755,4,0,12,755,0.75,0
754,4,0,18,754,0.5,0
753,2,0,8,753,0,0
750,3,0,7.333333333333333,750,0.6666666666666666,0
749,1,0,24,749,1,1
748,1,0,3,748,0,0
747,2,0,22,747,0.5,0
746,2,0,18,746,1,0.5
745,1,0,12,745,1,0
744,1,0,12,744,0,0
743,1,0,11,743,1,0
742,1,0,19,742,1,0
738,2,0,9.5,738,1,0.5
737,1,0,4,737,1,0
736,2,0,15.5,736,1,0
735,1,0,4,735,1,0
734,1,0,12,734,1,0
733,3,0,20.666666666666668,733,0.6666666666666666,0
732,1,0,12,732,1,0
731,1,0,10,731,1,0
729,1,0,10,729,1,0
728,3,0,13,728,0.6666666666666666,0
727,3,0,17,727,0.3333333333333333,0
726,2,0,6,726,1,0
725,1,0,20,725,1,0
724,2,0,25.5,724,1,0.5
722,2,0,11,722,1,0
721,1,0,14,721,1,0
720,3,0,9,720,0.6666666666666666,0
719,5,0,14,719,1,0
718,2,0,7,718,0.5,0.5
717,1,0,21,717,1,1
716,3,0,10,716,0.3333333333333333,0.3333333333333333
715,4,0,35.75,715,0.75,0.25
714,3,0,10.333333333333334,714,0.3333333333333333,0
713,1,0,24,713,1,0
712,5,0,15.2,712,0.4,0.4
711,1,0,39,711,1,0
710,2,0,14.5,710,1,0
709,3,0,12.666666666666666,709,0.3333333333333333,0
707,4,0,15.5,707,1,0.5
706,1,0,9,706,0,1
704,1,0,9,704,1,0
702,4,0,13.25,702,0.5,0
700,4,0,4,700,0.25,0
698,2,0,13,698,1,0
697,1,0,8,697,1,0
696,1,0,19,696,1,0
694,2,0,11.5,694,0.5,0
693,3,0,24.333333333333332,693,1,0
692,2,0,11,692,0.5,0
691,4,0,24,691,0.25,0
690,5,0,18.8,690,0.4,0.2
689,2,0,20.5,689,0.5,0
688,3,0,20,688,0.6666666666666666,0
687,1,0,9,687,1,0
686,2,0,25,686,1,0
685,2,0,20.5,685,1,0
684,2,0,6,684,0.5,0
683,2,0,11,683,0.5,0
681,1,0,11,681,1,0
680,2,0,12.5,680,1,0
679,2,0,15.5,679,0.5,0
678,1,0,4,678,0,0
676,3,0,22.666666666666668,676,0.6666666666666666,0
675,2,0,20.5,675,1,0
674,3,0,11.333333333333334,674,0.6666666666666666,0
673,4,0,14,673,0.75,0
672,2,0,20,672,1,1
671,1,0,31,671,1,0
669,2,0,10,669,1,0
667,2,0,19,667,0.5,0
666,2,0,20.5,666,1,0.5
665,3,0,14.333333333333334,665,0.6666666666666666,0
664,2,0,7.5,664,0.5,0
663,3,0,20.666666666666668,663,0.6666666666666666,0
662,3,0,13.666666666666666,662,0.3333333333333333,0
661,1,0,6,661,1,0
660,1,0,3,660,1,0
659,1,0,8,659,1,0
658,5,0,14.8,658,0.8,0.2
657,3,0,12.666666666666666,657,0.6666666666666666,0
656,2,0,12.5,656,0.5,0.5
655,1,0,8,655,0,0
654,1,0,16,654,1,0
653,3,0,17.333333333333332,653,1,0.3333333333333333
652,3,0,6.333333333333333,652,0.6666666666666666,0
650,5,0,12.4,650,0.8,0.4
649,4,0,22.75,649,0.75,0
648,3,0,11,648,0.6666666666666666,0
647,4,0,17,647,0.75,0
646,1,0,6,646,0,0
644,1,0,2,644,0,0
643,1,0,13,643,1,0
642,1,0,13,642,0,0
641,2,0,16,641,1,0
640,1,0,23,640,1,0
639,3,0,16.666666666666668,639,1,0
638,3,0,5.666666666666667,638,0.3333333333333333,0
637,2,0,12.5,637,1,0
635,2,0,15.5,635,1,0
634,1,0,11,634,1,0
632,2,0,12,632,1,0
631,2,0,18,631,0.5,0
630,1,0,10,630,1,0
629,1,0,13,629,1,0
628,4,0,11.25,628,0.75,0
626,2,0,12,626,1,0
625,2,0,17,625,1,0
624,2,0,11,624,0.5,0
623,2,0,12,623,0.5,0
622,5,0,30.6,622,0.6,0.2
621,5,0,14.6,621,0.6,0
620,2,0,9,620,1,0
619,1,0,28,619,1,1
618,2,0,28.5,618,1,0.5
617,2,0,15,617,1,0
616,2,0,8,616,0.5,0
615,3,0,11.333333333333334,615,0.3333333333333333,0
613,4,0,19.5,613,0.75,0.5
612,2,0,17,612,0,0
611,3,0,12.666666666666666,611,1,0
610,1,0,11,610,1,0
609,3,0,15,609,0.3333333333333333,0
608,2,0,28,608,0.5,0
607,5,0,18.6,607,0.8,0
605,4,0,8.5,605,1,0.25
604,1,0,15,604,1,0
603,1,0,10,603,1,0
602,1,0,16,602,1,0
601,5,0,19,601,0.6,0
600,3,0,25.333333333333332,600,1,0.3333333333333333
599,3,0,11,599,0.6666666666666666,0.6666666666666666
598,2,0,11.5,598,0.5,0
597,2,0,19,597,1,0.5
596,2,0,11.5,596,1,0
594,1,0,16,594,1,0
593,6,0,20,593,0.6666666666666666,0
592,2,0,18,592,0.5,0
591,3,0,10.666666666666666,591,0.6666666666666666,0
590,2,0,18.5,590,1,0
589,3,0,22.333333333333332,589,0.3333333333333333,0
588,1,0,15,588,1,0
587,1,0,24,587,1,1
586,1,0,4,586,1,0
585,1,0,28,585,1,0
584,3,0,22,584,1,0.3333333333333333
583,4,0,23.5,583,1,0
582,3,0,21.666666666666668,582,0.6666666666666666,0
581,1,0,9,581,1,0
580,1,0,10,580,1,0
579,3,0,14.666666666666666,579,1,0
578,2,0,10,578,1,0
577,4,0,15,577,0.75,0
576,3,0,16.666666666666668,576,0.6666666666666666,0
575,4,0,13,575,1,0
573,2,0,9,573,1,0
572,2,0,19.5,572,1,0
571,3,0,10,571,0.6666666666666666,0
570,3,0,18.333333333333332,570,0.6666666666666666,0.3333333333333333
569,1,0,9,569,1,0
568,2,0,10.5,568,1,0
567,3,0,11.666666666666666,567,0.6666666666666666,0
566,1,0,7,566,1,0
565,5,0,13.4,565,0.8,0
564,2,0,19,564,1,0
563,3,0,22.333333333333332,563,1,0.3333333333333333
561,1,0,10,561,1,0
560,3,0,12.333333333333334,560,0.6666666666666666,0
559,4,0,6.5,559,0.25,0
558,2,0,21.5,558,0.5,0
557,1,0,18,557,0,0
556,3,0,11.666666666666666,556,0.3333333333333333,0
555,1,0,32,555,0,0
554,3,0,27,554,1,0
553,1,0,11,553,1,0
552,5,0,14.2,552,1,0.2
550,3,0,13.666666666666666,550,1,0
549,5,0,15,549,0.8,0
548,1,0,19,548,1,0
547,4,0,19.75,547,1,0
546,4,0,13,546,0.75,0
545,2,0,26.5,545,1,0.5
544,5,0,14.4,544,0.6,0.2
543,5,0,12,543,1,0
542,2,0,10.5,542,1,0
541,3,0,5.666666666666667,541,0.6666666666666666,0
540,1,0,15,540,0,0
539,3,0,8,539,0.6666666666666666,0
538,2,0,9.5,538,0,0
537,3,0,10,537,0.3333333333333333,0
536,1,0,9,536,1,0
535,2,0,5,535,0.5,0.5
534,2,0,10,534,1,0
533,1,0,9,533,1,1
531,2,0,18,531,1,0.5
530,4,0,15.25,530,0.75,0
529,7,0,10.714285714285714,529,0.5714285714285714,0
528,3,0,13.333333333333334,528,1,0
527,2,0,19.5,527,0,0
526,2,0,15,526,0.5,0
525,3,0,4.666666666666667,525,0.3333333333333333,0
524,3,0,19.666666666666668,524,1,0.3333333333333333
523,3,0,8.333333333333334,523,0.3333333333333333,0
522,7,0,17.142857142857142,522,1,0
521,3,0,16.666666666666668,521,0.6666666666666666,0
520,1,0,11,520,1,0
519,3,0,9.666666666666666,519,1,0
518,3,0,8.666666666666666,518,0.6666666666666666,0
517,5,0,9.4,517,0.2,0
516,4,0,12.75,516,1,0
515,9,0,15,515,1,0.2222222222222222
514,5,0,21.2,514,0.8,0.2
513,4,0,14,513,1,0.25
512,1,0,11,512,1,0
511,3,0,23.666666666666668,511,1,0
510,4,0,11.5,510,0.5,0
509,4,0,7.75,509,0.75,0
508,3,0,13.333333333333334,508,1,0
507,5,0,12.2,507,0.2,0.2
506,1,0,15,506,1,0
505,2,0,11.5,505,0.5,0
504,5,0,15,504,0.6,0.2
503,4,0,10.25,503,0.75,0
502,1,0,2,502,0,0
501,2,0,11.5,501,1,0
500,7,0,8.571428571428571,500,0.7142857142857143,0
499,3,0,11.333333333333334,499,1,0
498,3,0,13.333333333333334,498,1,0.3333333333333333
497,3,0,12.333333333333334,497,0.6666666666666666,0
496,5,0,12.2,496,0.2,0
495,5,0,12.6,495,0.8,0.2
494,1,0,6,494,0,0
493,1,0,45,493,1,0
492,3,0,13.666666666666666,492,0.3333333333333333,0.3333333333333333
491,3,0,9.333333333333334,491,1,0
490,1,0,34,490,1,0
489,2,0,22.5,489,0,0
488,5,0,16.4,488,0.4,0
487,1,0,10,487,1,0
486,4,0,7.75,486,0.75,0.25
485,3,0,8,485,0.6666666666666666,0
484,4,0,6.75,484,0.75,0
483,5,0,7,483,0.4,0
482,4,0,26.25,482,0.75,0
481,5,0,10.4,481,0.8,0
480,2,0,11.5,480,1,0
479,8,0,9.875,479,0.75,0
478,2,0,16.5,478,1,0
477,6,0,14.166666666666666,477,0.8333333333333334,0
476,1,0,10,476,1,0
475,4,0,21.5,475,1,0.25
474,2,0,19,474,1,0.5
473,5,0,8,473,0.4,0
472,5,0,9.6,472,0.6,0
471,6,0,8.166666666666666,471,0.6666666666666666,0
470,6,0,9.166666666666666,470,0.8333333333333334,0.16666666666666666
469,4,0,8.25,469,0.25,0
468,8,0,9.75,468,0.625,0
467,4,0,7.5,467,0.5,0
465,4,0,9.5,465,0.5,0
464,5,0,7.6,464,0.4,0
463,3,0,16.333333333333332,463,0.6666666666666666,0
462,5,0,11.2,462,0.8,0
461,1,0,7,461,1,1
460,3,0,18,460,1,0
459,5,0,10,459,0.4,0.2
458,4,0,13.5,458,1,0
457,5,0,13,457,1,0.2
456,5,0,9.4,456,0.4,0
455,2,0,14.5,455,0.5,0
454,4,0,7.25,454,1,0
453,2,0,11.5,453,0.5,0
452,2,0,11.5,452,1,0
451,4,0,10.75,451,0.75,0
450,3,0,14.333333333333334,450,1,0.3333333333333333
449,1,0,7,449,1,0
448,1,0,18,448,1,0
447,4,0,8.25,447,1,0
446,5,0,12.4,446,0.6,0
445,8,0,10.625,445,1,0.25
444,4,0,14,444,0.5,0
443,3,0,9,443,1,0
442,6,0,15.333333333333334,442,0.6666666666666666,0.16666666666666666
441,11,0,10.090909090909092,441,0.6363636363636364,0.09090909090909091
440,2,0,7.5,440,0.5,0
439,6,0,11.833333333333334,439,0.8333333333333334,0
438,4,0,9.75,438,1,0.25
437,8,0,12.125,437,0.875,0
436,2,0,13.5,436,0.5,0
435,4,0,8.75,435,1,0
434,6,0,7.833333333333333,434,0.5,0
433,4,0,7.75,433,0.25,0
432,6,0,20.333333333333332,432,0.8333333333333334,0.16666666666666666
431,4,0,8.75,431,0.75,0
430,4,0,8.25,430,1,0
429,7,0,15.571428571428571,429,1,0.14285714285714285
428,4,0,8.75,428,0.75,0
427,2,0,9,427,1,0
426,4,0,11,426,0.75,0
425,3,0,8.333333333333334,425,0.6666666666666666,0
424,5,0,17.8,424,0.8,0
423,2,0,12.5,423,0.5,0
422,7,0,11,422,0.8571428571428571,0
421,6,0,9.5,421,0.5,0
420,3,0,19.666666666666668,420,1,0
419,4,0,10.5,419,0.75,0
418,10,0,12.5,418,0.7,0
417,7,0,7.428571428571429,417,0.42857142857142855,0
416,4,0,9.25,416,0.5,0
415,6,0,13.333333333333334,415,0.5,0.16666666666666666
414,4,0,9.75,414,1,0
413,8,0,11.375,413,0.625,0
412,3,0,9.333333333333334,412,1,0
411,3,0,13.666666666666666,411,0.6666666666666666,0.3333333333333333
410,5,0,7.6,410,0.8,0
409,5,0,9.8,409,0.8,0
408,5,0,9.8,408,0.8,0.2
407,9,0,13.88888888888889,407,0.6666666666666666,0.1111111111111111
406,5,0,10.2,406,0.8,0
405,6,0,9.5,405,0.6666666666666666,0
404,3,0,6,404,0.6666666666666666,0
403,5,0,17.4,403,0.8,0.4
402,5,0,15,402,0.8,0.2
401,3,0,9,401,0.3333333333333333,0
400,5,0,9.4,400,0.8,0
399,5,0,8.6,399,1,0
398,5,0,12.8,398,1,0.2
397,10,0,11.4,397,0.9,0.1
396,6,0,16.666666666666668,396,0.6666666666666666,0
395,7,0,11.285714285714286,395,0.8571428571428571,0.14285714285714285
394,4,0,18.25,394,0.75,0
393,4,0,8.5,393,0.75,0
392,5,0,6.8,392,0.6,0
391,9,0,12.11111111111111,391,0.6666666666666666,0
390,3,0,14,390,0.3333333333333333,0
389,5,0,6.2,389,0.6,0
388,6,0,16.666666666666668,388,0.8333333333333334,0
387,7,0,5.285714285714286,387,0.42857142857142855,0
386,4,0,13,386,0.75,0
385,8,0,17.25,385,0.75,0
384,4,0,12,384,0.75,0
383,7,0,10.285714285714286,383,0.7142857142857143,0
382,6,0,9.666666666666666,382,0.6666666666666666,0.16666666666666666
381,8,0,10.875,381,0.875,0
380,7,0,8.571428571428571,380,0.8571428571428571,0
379,5,0,7.2,379,0.6,0
378,11,0,9.818181818181818,378,0.7272727272727273,0
377,3,0,18.666666666666668,377,0.6666666666666666,0
376,6,0,14,376,0.8333333333333334,0.16666666666666666
375,10,0,8.7,375,0.6,0
374,1,0,6,374,1,0
373,6,0,9.333333333333334,373,0.6666666666666666,0
372,8,0,7.5,372,0.625,0
371,6,0,12,371,1,0
370,4,0,15.25,370,1,0
369,13,0,9.923076923076923,369,0.8461538461538461,0
368,3,0,10,368,1,0.3333333333333333
367,8,0,9.625,367,1,0
366,6,0,12.833333333333334,366,1,0
365,5,0,11,365,1,0
364,2,0,10,364,1,0
363,7,0,7.571428571428571,363,0.7142857142857143,0
362,8,0,10,362,0.875,0
361,3,0,9.333333333333334,361,1,0
360,3,0,11.333333333333334,360,1,0
359,6,0,10.333333333333334,359,0.8333333333333334,0.16666666666666666
358,11,0,10.727272727272727,358,0.5454545454545454,0
357,6,0,10.166666666666666,357,1,0
356,12,0,9.916666666666666,356,0.75,0
355,11,0,11.181818181818182,355,0.9090909090909091,0.09090909090909091
354,4,0,11.25,354,0.75,0
353,10,0,11.1,353,0.8,0
352,6,0,8.833333333333334,352,0.8333333333333334,0
351,3,0,14,351,0.6666666666666666,0
350,5,0,18.6,350,1,0.2
349,4,0,11.25,349,0.5,0
348,5,0,7.8,348,0.4,0.2
347,7,0,10.285714285714286,347,0.7142857142857143,0
346,5,0,29.6,346,0.8,0
345,3,0,16,345,1,0.3333333333333333
344,8,0,11.75,344,0.875,0
343,8,0,10.625,343,0.75,0
342,4,0,9.75,342,0.75,0
341,6,0,9.833333333333334,341,0.8333333333333334,0
340,5,0,11.6,340,0.8,0
339,11,0,12.727272727272727,339,0.7272727272727273,0.09090909090909091
338,9,0,11.222222222222221,338,0.8888888888888888,0
337,9,0,10.444444444444445,337,0.7777777777777778,0
336,3,0,11.333333333333334,336,1,0
335,15,0,14.6,335,0.8,0
334,9,0,7.666666666666667,334,0.8888888888888888,0
333,8,0,10.75,333,0.75,0
332,8,0,10.5,332,0.75,0.125
331,8,0,11.5,331,0.625,0
330,4,0,9,330,0.75,0
329,8,0,7.875,329,0.875,0
328,9,0,10,328,0.6666666666666666,0
327,11,0,12.181818181818182,327,0.6363636363636364,0
326,6,0,9.5,326,0.8333333333333334,0.16666666666666666
325,12,0,9.166666666666666,325,0.75,0.16666666666666666
324,9,0,10,324,0.8888888888888888,0
323,14,0,8.5,323,0.7142857142857143,0
322,10,0,8.6,322,0.9,0.1
321,9,0,10.88888888888889,321,0.8888888888888888,0.1111111111111111
320,13,0,10.076923076923077,320,0.6923076923076923,0
319,10,0,9,319,0.8,0
318,5,0,12,318,0.6,0.2
317,10,0,9.7,317,0.9,0.1
316,6,0,8.666666666666666,316,0.8333333333333334,0
315,11,0,7.909090909090909,315,0.6363636363636364,0
314,13,0,16,314,0.6153846153846154,0
313,8,0,12.5,313,0.75,0
312,7,0,12.428571428571429,312,0.5714285714285714,0
311,11,0,22.727272727272727,311,0.5454545454545454,0.09090909090909091
310,9,0,19,310,0.8888888888888888,0.1111111111111111
309,23,0,8.173913043478262,309,0.6521739130434783,0.043478260869565216
308,2,0,7,308,1,0
307,19,0,8.68421052631579,307,0.631578947368421,0.10526315789473684
306,11,0,11.545454545454545,306,0.7272727272727273,0
305,16,0,12.4375,305,0.625,0.0625
304,7,0,6.857142857142857,304,0.8571428571428571,0.14285714285714285
303,5,0,5,303,0.4,0
302,12,0,8.416666666666666,302,0.6666666666666666,0
301,12,0,10.666666666666666,301,0.5833333333333334,0
300,12,0,13.166666666666666,300,0.5,0
299,20,0,14.15,299,0.75,0
298,14,0,10.357142857142858,298,0.42857142857142855,0.14285714285714285
297,10,0,7.3,297,0.7,0
296,16,0,7.8125,296,0.625,0.0625
295,7,0,7.857142857142857,295,0.8571428571428571,0
294,10,0,10.5,294,0.8,0
293,13,0,8.76923076923077,293,0.6153846153846154,0
292,9,0,15.222222222222221,292,0.7777777777777778,0
291,8,0,11.125,291,0.75,0
290,11,0,9.363636363636363,290,0.8181818181818182,0
289,15,0,8.933333333333334,289,0.6,0
288,12,0,8.666666666666666,288,0.8333333333333334,0
287,7,0,17.571428571428573,287,0.5714285714285714,0.14285714285714285
286,9,0,19.11111111111111,286,0.2222222222222222,0
285,9,0,9.333333333333334,285,0.5555555555555556,0
284,11,0,7.636363636363637,284,0.7272727272727273,0
283,9,0,6.888888888888889,283,1,0
282,10,0,8.3,282,0.6,0
281,9,0,8.555555555555555,281,0.8888888888888888,0
280,15,0,9.333333333333334,280,0.5333333333333333,0
279,18,0,10.5,279,0.7777777777777778,0
278,17,0,9.529411764705882,278,0.7647058823529411,0
277,16,0,9.5625,277,0.8125,0
276,7,0,11.285714285714286,276,1,0
275,15,0,9.466666666666667,275,0.6666666666666666,0
274,12,0,8.25,274,0.8333333333333334,0.08333333333333333
273,9,0,7.777777777777778,273,0.6666666666666666,0
272,10,0,15.7,272,0.6,0
271,15,0,8.4,271,0.9333333333333333,0
270,14,0,9.928571428571429,270,0.9285714285714286,0.14285714285714285
269,9,0,18.555555555555557,269,0.7777777777777778,0
268,13,0,10.76923076923077,268,0.8461538461538461,0
267,18,0,9.333333333333334,267,1,0
266,16,0,7.5625,266,0.75,0
265,20,0,8.5,265,0.8,0.1
264,13,0,10.692307692307692,264,0.8461538461538461,0.07692307692307693
263,16,0,11.6875,263,0.8125,0.125
262,14,0,9.071428571428571,262,0.8571428571428571,0
261,13,0,11.846153846153847,261,0.6923076923076923,0
260,18,0,10.5,260,0.7777777777777778,0.05555555555555555
259,15,0,9.266666666666667,259,0.8666666666666667,0.06666666666666667
258,18,0,9.333333333333334,258,0.7222222222222222,0
257,13,0,10.384615384615385,257,0.8461538461538461,0.07692307692307693
256,12,0,8.166666666666666,256,0.5833333333333334,0
255,21,0,9.285714285714286,255,0.5714285714285714,0
254,16,0,9.4375,254,0.75,0
253,19,0,8.263157894736842,253,0.8421052631578947,0
252,16,0,8.625,252,0.5625,0
251,17,0,9.882352941176471,251,0.7058823529411765,0
250,12,0,8.25,250,0.5833333333333334,0
249,17,0,13.411764705882353,249,0.8235294117647058,0
248,17,0,9.176470588235293,248,0.7058823529411765,0.058823529411764705
247,5,0,9.8,247,1,0.2
246,11,0,9,246,0.9090909090909091,0
245,8,0,7.875,245,1,0.125
244,17,0,9.470588235294118,244,0.8235294117647058,0
243,17,0,8.117647058823529,243,0.9411764705882353,0.058823529411764705
242,18,0,9.444444444444445,242,0.8333333333333334,0
241,17,0,9.411764705882353,241,0.7058823529411765,0
240,5,0,8.6,240,1,0
239,16,0,9.0625,239,0.75,0
238,16,0,8.6875,238,0.6875,0
237,17,0,10.058823529411764,237,0.6470588235294118,0
236,17,0,8.588235294117647,236,0.5882352941176471,0
235,19,0,9.526315789473685,235,0.8947368421052632,0
234,10,0,6.9,234,0.8,0
233,18,0,8.333333333333334,233,0.8333333333333334,0
232,14,0,7.642857142857143,232,0.8571428571428571,0
231,17,0,9.705882352941176,231,0.7647058823529411,0
230,18,0,8.444444444444445,230,0.8888888888888888,0
229,15,0,8.733333333333333,229,0.8,0
228,24,0,8.458333333333334,228,0.7083333333333334,0
227,17,0,9.705882352941176,227,0.8235294117647058,0
226,18,0,9.222222222222221,226,0.6666666666666666,0.05555555555555555
225,16,0,7.5,225,0.8125,0
224,18,0,8.38888888888889,224,0.6666666666666666,0
223,24,0,8.625,223,0.9166666666666666,0
222,18,0,11.88888888888889,222,0.6666666666666666,0
221,18,0,7.055555555555555,221,0.6666666666666666,0.05555555555555555
220,18,0,9.444444444444445,220,0.8333333333333334,0.05555555555555555
219,14,0,8.428571428571429,219,0.6428571428571429,0.07142857142857142
218,15,0,7.066666666666666,218,0.7333333333333333,0.13333333333333333
217,22,0,8.090909090909092,217,0.7272727272727273,0.045454545454545456
216,16,0,9.1875,216,0.75,0.125
215,18,0,7.833333333333333,215,0.7777777777777778,0
214,19,0,7.157894736842105,214,0.5789473684210527,0.05263157894736842
213,24,0,15,213,0.75,0.041666666666666664
212,19,0,8.157894736842104,212,0.8421052631578947,0.05263157894736842
211,15,0,6.6,211,0.8666666666666667,0.06666666666666667
210,10,0,7.4,210,0.8,0.1
209,15,0,7.466666666666667,209,0.6666666666666666,0
208,22,0,8.045454545454545,208,0.7727272727272727,0
207,24,0,10.958333333333334,207,0.875,0
206,23,0,6.913043478260869,206,0.6086956521739131,0
205,25,0,8.36,205,0.68,0.04
204,24,0,8.75,204,0.7083333333333334,0.041666666666666664
203,23,0,7.217391304347826,203,0.8260869565217391,0
202,20,0,7.25,202,0.7,0
201,18,0,8.38888888888889,201,0.8333333333333334,0.1111111111111111
200,21,0,7.285714285714286,200,0.6666666666666666,0.047619047619047616
199,13,0,6.615384615384615,199,0.7692307692307693,0.07692307692307693
198,22,0,7.409090909090909,198,0.7272727272727273,0
197,20,0,6.7,197,0.8,0
196,12,0,7.166666666666667,196,0.75,0
195,21,0,7.333333333333333,195,0.8571428571428571,0.047619047619047616
194,19,0,8.31578947368421,194,0.7894736842105263,0
193,22,0,7.909090909090909,193,0.8181818181818182,0
192,14,0,7.428571428571429,192,0.7142857142857143,0
191,30,0,6.7,191,0.7666666666666667,0.13333333333333333
190,28,0,7.142857142857143,190,0.7857142857142857,0
189,14,0,6.928571428571429,189,0.5714285714285714,0
188,23,0,8.26086956521739,188,0.782608695652174,0
187,19,0,6.7894736842105265,187,0.7368421052631579,0
186,30,0,7.4,186,0.9,0.06666666666666667
185,30,0,6.566666666666666,185,0.7,0
184,23,0,7.043478260869565,184,0.7391304347826086,0
183,16,0,6.5,183,0.625,0
182,24,0,8.291666666666666,182,0.7916666666666666,0.041666666666666664
181,26,0,6.961538461538462,181,0.7692307692307693,0
180,18,0,6.222222222222222,180,0.6666666666666666,0.05555555555555555
179,27,0,7.222222222222222,179,0.7407407407407407,0.07407407407407407
178,24,0,7.625,178,0.8333333333333334,0
177,20,0,7.05,177,0.65,0.05
176,19,0,7.631578947368421,176,0.8421052631578947,0
175,21,0,7.333333333333333,175,0.7619047619047619,0
174,25,0,6.72,174,0.8,0
173,37,0,5.891891891891892,173,0.6756756756756757,0
172,31,0,7.032258064516129,172,0.7419354838709677,0
171,20,0,6.85,171,0.7,0
170,23,0,7.391304347826087,170,0.782608695652174,0.043478260869565216
169,22,0,6.318181818181818,169,0.6818181818181818,0.045454545454545456
168,24,0,6.5,168,0.6666666666666666,0.041666666666666664
167,19,0,6.2105263157894735,167,0.5789473684210527,0
166,24,0,6.083333333333333,166,0.5833333333333334,0
165,25,0,6.56,165,0.8,0.04
164,31,0,7.161290322580645,164,0.8064516129032258,0
163,22,0,6.7272727272727275,163,0.6818181818181818,0
162,28,0,6.285714285714286,162,0.6428571428571429,0
161,30,0,5.766666666666667,161,0.7,0
160,33,0,6.9393939393939394,160,0.8181818181818182,0
159,21,0,6.666666666666667,159,0.6666666666666666,0
158,26,0,6.730769230769231,158,0.6153846153846154,0
157,27,0,6.962962962962963,157,0.8148148148148148,0
156,21,0,6.904761904761905,156,0.6190476190476191,0
155,26,0,7.3076923076923075,155,0.5384615384615384,0
154,33,0,5.96969696969697,154,0.6666666666666666,0.06060606060606061
153,19,0,5.7368421052631575,153,0.7894736842105263,0
152,29,0,6.310344827586207,152,0.7586206896551724,0.034482758620689655
151,25,0,6.6,151,0.6,0
150,28,0,4.678571428571429,150,0.5,0
149,23,0,7.086956521739131,149,0.6956521739130435,0.043478260869565216
148,32,0,6.875,148,0.5625,0
147,29,0,7.275862068965517,147,0.6896551724137931,0
146,28,0,5.607142857142857,146,0.6785714285714286,0.07142857142857142
145,28,0,5.821428571428571,145,0.5,0
144,28,0,8.678571428571429,144,0.5357142857142857,0.03571428571428571
143,26,0,5.423076923076923,143,0.6538461538461539,0.038461538461538464
142,21,0,5.666666666666667,142,0.6666666666666666,0
141,20,0,6.05,141,0.55,0.05
140,32,0,6.25,140,0.59375,0
139,35,0,5.771428571428571,139,0.6,0.02857142857142857
138,37,0,6,138,0.5675675675675675,0
137,33,0,6.090909090909091,137,0.48484848484848486,0.030303030303030304
136,30,0,5.133333333333334,136,0.6333333333333333,0.03333333333333333
135,31,0,5,135,0.5161290322580645,0
134,32,0,5.9375,134,0.46875,0.0625
133,35,0,5.514285714285714,133,0.6285714285714286,0.02857142857142857
132,26,0,6.038461538461538,132,0.7307692307692307,0
131,29,0,4.344827586206897,131,0.5172413793103449,0
130,34,0,5.264705882352941,130,0.6470588235294118,0.029411764705882353
129,33,0,5.575757575757576,129,0.696969696969697,0.030303030303030304
128,36,0,5.861111111111111,128,0.7777777777777778,0.027777777777777776
127,30,0,5.533333333333333,127,0.7,0.03333333333333333
126,29,0,4.689655172413793,126,0.6551724137931034,0
125,33,0,4.424242424242424,125,0.6060606060606061,0
124,32,0,5.59375,124,0.5625,0.0625
123,47,0,5.127659574468085,123,0.6808510638297872,0.02127659574468085
122,43,0,5.1395348837209305,122,0.6976744186046512,0
121,44,0,4.659090909090909,121,0.5909090909090909,0
120,49,0,4.795918367346939,120,0.6530612244897959,0
119,49,0,4.673469387755102,119,0.5714285714285714,0
118,53,0,5.547169811320755,118,0.5849056603773585,0
117,51,0,5.352941176470588,117,0.6078431372549019,0
116,46,0,4.3478260869565215,116,0.717391304347826,0
115,44,0,4.568181818181818,115,0.7954545454545454,0
114,50,0,4.78,114,0.66,0
113,44,0,4.25,113,0.6363636363636364,0
112,42,0,4.833333333333333,112,0.6666666666666666,0
111,37,0,4.945945945945946,111,0.7297297297297297,0
110,45,0,4.6,110,0.6222222222222222,0
109,46,0,4.304347826086956,109,0.6304347826086957,0
108,41,0,4.341463414634147,108,0.7073170731707317,0
107,51,0,4.2745098039215685,107,0.6666666666666666,0
106,47,0,4.553191489361702,106,0.6595744680851063,0
105,47,0,5.0212765957446805,105,0.6808510638297872,0
104,37,0,4.918918918918919,104,0.5405405405405406,0
103,46,0,4.630434782608695,103,0.5434782608695652,0
102,64,0.015625,4.203125,102,0.578125,0
101,54,0,4.666666666666667,101,0.7037037037037037,0
100,59,0,4.508474576271187,100,0.6440677966101694,0
99,44,0,5.0227272727272725,99,0.6136363636363636,0
98,50,0,4.04,98,0.58,0.02
97,59,0,4.389830508474576,97,0.6271186440677966,0
96,42,0,4.595238095238095,96,0.6904761904761905,0
95,41,0.024390243902439025,4.341463414634147,95,0.5365853658536586,0
94,41,0,4.390243902439025,94,0.5609756097560976,0
93,49,0,4.26530612244898,93,0.3673469387755102,0.04081632653061224
92,39,0,4.256410256410256,92,0.5897435897435898,0.02564102564102564
91,40,0,3.825,91,0.575,0.05
90,45,0,4.333333333333333,90,0.5333333333333333,0
89,26,0,4.346153846153846,89,0.5,0
88,32,0,4.375,88,0.34375,0
87,47,0,3.872340425531915,87,0.2553191489361702,0
86,39,0,3.4615384615384617,86,0.4358974358974359,0
85,48,0,3.9791666666666665,85,0.20833333333333334,0
84,35,0,3.7142857142857144,84,0.34285714285714286,0
83,44,0,3.5,83,0.3181818181818182,0
82,39,0,3.7948717948717947,82,0.2564102564102564,0.02564102564102564
81,35,0,4.114285714285714,81,0.3142857142857143,0
80,45,0,3.533333333333333,80,0.26666666666666666,0.044444444444444446
79,40,0,3.2,79,0.25,0.025
78,34,0,3.5294117647058822,78,0.17647058823529413,0
77,43,0.023255813953488372,3.813953488372093,77,0.27906976744186046,0.023255813953488372
76,41,0,3.073170731707317,76,0.2926829268292683,0
75,37,0,3.2972972972972974,75,0.13513513513513514,0
74,22,0,3.5454545454545454,74,0.2727272727272727,0
73,63,0,3.9206349206349205,73,0.15873015873015872,0.015873015873015872
72,48,0,3.8125,72,0.1875,0
71,49,0,3.4285714285714284,71,0.20408163265306123,0
70,40,0,2.85,70,0.2,0.025
69,47,0,3.4468085106382977,69,0.1702127659574468,0
68,45,0,3.6666666666666665,68,0.17777777777777778,0.044444444444444446
67,49,0,3.36734693877551,67,0.16326530612244897,0.02040816326530612
66,58,0,3.3275862068965516,66,0.10344827586206896,0
65,54,0.018518518518518517,3.111111111111111,65,0.1111111111111111,0
64,43,0,3.046511627906977,64,0.13953488372093023,0
63,43,0,3.558139534883721,63,0.18604651162790697,0.023255813953488372
62,50,0,3.62,62,0.06,0.02
61,45,0,3.7333333333333334,61,0.13333333333333333,0
60,43,0,3.9302325581395348,60,0.20930232558139536,0
59,58,0,3.603448275862069,59,0.15517241379310345,0
58,52,0,3.5,58,0.09615384615384616,0
57,54,0.018518518518518517,2.925925925925926,57,0.12962962962962962,0.018518518518518517
56,54,0,3.4074074074074074,56,0.09259259259259259,0
55,57,0,3.7017543859649122,55,0.12280701754385964,0
54,62,0,3.629032258064516,54,0.12903225806451613,0.016129032258064516
53,82,0,3.3780487804878048,53,0.13414634146341464,0
52,71,0,3.6338028169014085,52,0.08450704225352113,0.014084507042253521
51,87,0,3.4597701149425286,51,0.13793103448275862,0.011494252873563218
50,72,0,3.625,50,0.08333333333333333,0
49,74,0,3.527027027027027,49,0.04054054054054054,0
48,92,0,3.739130434782609,48,0.07608695652173914,0
47,85,0,3.211764705882353,47,0.07058823529411765,0
46,108,0,3.324074074074074,46,0.07407407407407407,0.018518518518518517
45,102,0,3.8529411764705883,45,0.08823529411764706,0
44,108,0,3.5833333333333335,44,0.05555555555555555,0
43,141,0,3.7375886524822697,43,0.03546099290780142,0
42,121,0.008264462809917356,3.0165289256198347,42,0.04132231404958678,0
41,177,0,3.468926553672316,41,0.03954802259887006,0.005649717514124294
40,153,0,3.5620915032679736,40,0.0196078431372549,0
39,186,0,3.3548387096774195,39,0.03763440860215054,0
38,154,0,3.8896103896103895,38,0.032467532467532464,0.006493506493506494
37,182,0.005494505494505495,3.989010989010989,37,0.027472527472527472,0
36,271,0,3.3173431734317345,36,0.007380073800738007,0
35,240,0.004166666666666667,3.4625,35,0.020833333333333332,0
34,265,0,3.509433962264151,34,0.01509433962264151,0
33,363,0,3.162534435261708,33,0.01652892561983471,0.005509641873278237
32,349,0.0028653295128939827,3.5787965616045847,32,0.02005730659025788,0
31,393,0,3.4987277353689565,31,0.007633587786259542,0.002544529262086514
30,664,0.0015060240963855422,2.9759036144578315,30,0.004518072289156626,0
29,435,0,3.6160919540229886,29,0,0
28,467,0,3.558886509635974,28,0.006423982869379015,0.0021413276231263384
27,785,0.0012738853503184713,3.1872611464968155,27,0.006369426751592357,0
26,495,0,4.0181818181818185,26,0.00808080808080808,0.00202020202020202
25,496,0,3.711693548387097,25,0.0020161290322580645,0
24,769,0.0013003901170351106,3.5383615084525357,24,0.006501950585175552,0
23,633,0,3.7977883096366507,23,0.00315955766192733,0
22,689,0,3.671988388969521,22,0,0
21,823,0,3.755771567436209,21,0.004860267314702308,0.001215066828675577
20,790,0,3.729113924050633,20,0.0012658227848101266,0
19,832,0,3.780048076923077,19,0.001201923076923077,0
18,834,0.001199040767386091,3.9100719424460433,18,0,0
17,908,0.0022026431718061676,3.7588105726872247,17,0.006607929515418502,0
16,929,0,3.8008611410118407,16,0.0032292787944025836,0
15,1087,0.0009199632014719411,3.53081876724931,15,0.0027598896044158236,0
14,1329,0.0007524454477050414,3.340857787810384,14,0.006772009029345372,0
13,1409,0.0007097232079489,3.203690560681334,13,0.0021291696238466998,0
12,1504,0,3.297207446808511,12,0,0
11,1199,0,3.479566305254379,11,0.0016680567139282735,0.0008340283569641367
10,811,0.0012330456226880395,4.340320591861899,10,0.0012330456226880395,0
9,745,0.004026845637583893,4.934228187919463,9,0.005369127516778523,0
8,775,0.0025806451612903226,4.695483870967742,8,0.0025806451612903226,0
7,881,0.0011350737797956867,4.703745743473326,7,0.0056753688989784334,0
6,964,0.0031120331950207467,4.716804979253112,6,0.001037344398340249,0
5,1169,0.005988023952095809,4.830624465355005,5,0.000855431993156544,0
4,1459,0.006854009595613434,5.0925291295407815,4,0.00411240575736806,0.0006854009595613434
3,2039,0.00392349190779794,5.207945071113291,3,0.0034330554193231977,0
2,3211,0.006540018685767673,5.029585798816568,2,0.0015571473061351605,0
1,4557,0.012727671713846828,4.923853412332675,1,0.0019749835418038184,0
0,99403,0.9360985080933171,1.1974085289176384,0,0.0006136635715219863,0.000020120117099081517
